{
  "criteria": {
    "has_rotten_flesh": {
      "conditions": {
        "items": [
          {
            "items": "minecraft:rotten_flesh"
          }
        ]
      },
      "trigger": "minecraft:inventory_changed"
    },
    "has_the_recipe": {
      "conditions": {
        "recipe": "grid:smelting/leather_from_rotten_flesh_item"
      },
      "trigger": "minecraft:recipe_unlocked"
    }
  },
  "requirements": [
    [
      "has_the_recipe",
      "has_rotten_flesh"
    ]
  ],
  "rewards": {
    "recipes": [
      "grid:smelting/leather_from_rotten_flesh_item"
    ]
  }
}
