{
  "type": "minecraft:crafting_shapeless",
  "category": "misc",
  "ingredients": [
    {
      "item": "minecraft:painting"
    },
    {
      "item": "minecraft:green_dye"
    },
    {
      "item": "minecraft:orange_dye"
    },
    {
      "item": "minecraft:yellow_dye"
    },
    {
      "item": "minecraft:yellow_dye"
    },
    {
      "item": "minecraft:white_dye"
    }
  ],
  "result": {
    "id": "minecraft:painting",
    "components": {
      "minecraft:entity_data": {
        "id": "minecraft:painting",
        "variant": "minecraft:bomb"
      }
    }
  }
}
