{
  "type": "minecraft:crafting_shapeless",
  "category": "misc",
  "ingredients": [
    {
      "item": "minecraft:painting"
    },
    {
      "item": "minecraft:brown_dye"
    },
    {
      "item": "minecraft:light_blue_dye"
    },
    {
      "item": "minecraft:light_blue_dye"
    },
    {
      "item": "minecraft:light_blue_dye"
    },
    {
      "item": "minecraft:lime_dye"
    },
    {
      "item": "minecraft:lime_dye"
    },
    {
      "item": "minecraft:green_dye"
    },
    {
      "item": "minecraft:white_dye"
    }
  ],
  "result": {
    "id": "minecraft:painting",
    "components": {
      "minecraft:entity_data": {
        "id": "minecraft:painting",
        "variant": "minecraft:creebet"
      }
    }
  }
}
