{
  "type": "minecraft:crafting_shapeless",
  "category": "misc",
  "ingredients": [
    {
      "item": "minecraft:painting"
    },
    {
      "item": "minecraft:blue_dye"
    },
    {
      "item": "minecraft:cyan_dye"
    },
    {
      "item": "minecraft:black_dye"
    },
    {
      "item": "minecraft:light_gray_dye"
    },
    {
      "item": "minecraft:light_gray_dye"
    }
  ],
  "result": {
    "id": "minecraft:painting",
    "components": {
      "minecraft:entity_data": {
        "id": "minecraft:painting",
        "variant": "minecraft:aztec"
      }
    }
  }
}
