{
  "criteria": {
    "has_painting": {
      "conditions": {
        "items": [
          {
            "items": "painting"
          }
        ]
      },
      "trigger": "minecraft:inventory_changed"
    },
    "has_red_dye": {
      "conditions": {
        "items": [
          {
            "items": "red_dye"
          }
        ]
      },
      "trigger": "minecraft:inventory_changed"
    },
    "has_orange_dye": {
      "conditions": {
        "items": [
          {
            "items": "orange_dye"
          }
        ]
      },
      "trigger": "minecraft:inventory_changed"
    },
    "has_green_dye": {
      "conditions": {
        "items": [
          {
            "items": "green_dye"
          }
        ]
      },
      "trigger": "minecraft:inventory_changed"
    },
    "has_yellow_dye": {
      "conditions": {
        "items": [
          {
            "items": "yellow_dye"
          }
        ]
      },
      "trigger": "minecraft:inventory_changed"
    },
    "has_the_recipe": {
      "conditions": {
        "recipe": "grid:crafting/alban_painting"
      },
      "trigger": "minecraft:recipe_unlocked"
    }
  },
  "requirements": [
    [
      "has_the_recipe",
      "has_painting",
      "has_red_dye",
      "has_orange_dye",
      "has_green_dye",
      "has_yellow_dye"
    ]
  ],
  "rewards": {
    "recipes": [
      "grid:crafting/alban_painting"
    ]
  }
}