{
  "criteria": {
    "has_flint": {
      "conditions": {
        "items": [
          {
            "items": "flint"
          }
        ]
      },
      "trigger": "minecraft:inventory_changed"
    },
    "has_feather": {
      "conditions": {
        "items": [
          {
            "items": "feather"
          }
        ]
      },
      "trigger": "minecraft:inventory_changed"
    },
    "has_the_recipe": {
      "conditions": {
        "recipe": "grid:crafting/arrow"
      },
      "trigger": "minecraft:recipe_unlocked"
    }
  },
  "requirements": [
    [
      "has_the_recipe",
      "has_flint",
      "has_feather"
    ]
  ],
  "rewards": {
    "recipes": [
      "grid:crafting/arrow"
    ]
  }
}