{
  "criteria": {
    "has_painting": {
      "conditions": {
        "items": [
          {
            "items": "painting"
          }
        ]
      },
      "trigger": "minecraft:inventory_changed"
    },
    "has_blue_dye": {
      "conditions": {
        "items": [
          {
            "items": "blue_dye"
          }
        ]
      },
      "trigger": "minecraft:inventory_changed"
    },
    "has_cyan_dye": {
      "conditions": {
        "items": [
          {
            "items": "cyan_dye"
          }
        ]
      },
      "trigger": "minecraft:inventory_changed"
    },
    "has_black_dye": {
      "conditions": {
        "items": [
          {
            "items": "black_dye"
          }
        ]
      },
      "trigger": "minecraft:inventory_changed"
    },
    "has_light_gray_dye": {
      "conditions": {
        "items": [
          {
            "items": "light_gray_dye"
          }
        ]
      },
      "trigger": "minecraft:inventory_changed"
    },
    "has_the_recipe": {
      "conditions": {
        "recipe": "grid:crafting/aztec_painting"
      },
      "trigger": "minecraft:recipe_unlocked"
    }
  },
  "requirements": [
    [
      "has_the_recipe",
      "has_painting",
      "has_blue_dye",
      "has_cyan_dye",
      "has_black_dye",
      "has_light_gray_dye"
    ]
  ],
  "rewards": {
    "recipes": [
      "grid:crafting/aztec_painting"
    ]
  }
}