{
  "criteria": {
    "has_coal": {
      "conditions": {
        "items": [
          {
            "items": "minecraft:coal"
          }
        ]
      },
      "trigger": "minecraft:inventory_changed"
    },
    "has_the_recipe": {
      "conditions": {
        "recipe": "grid:crafting/black_dye_from_coal_item"
      },
      "trigger": "minecraft:recipe_unlocked"
    }
  },
  "requirements": [
    [
      "has_the_recipe",
      "has_coal"
    ]
  ],
  "rewards": {
    "recipes": [
      "grid:crafting/black_dye_from_coal_item"
    ]
  }
}