{
  "criteria": {
    "has_wheat": {
      "conditions": {
        "items": [
          {
            "items": "minecraft:wheat"
          }
        ]
      },
      "trigger": "minecraft:inventory_changed"
    },
    "has_egg": {
      "conditions": {
        "items": [
          {
            "items": "minecraft:egg"
          }
        ]
      },
      "trigger": "minecraft:inventory_changed"
    },
    "has_sugar": {
      "conditions": {
        "items": [
          {
            "items": "minecraft:sugar"
          }
        ]
      },
      "trigger": "minecraft:inventory_changed"
    },
    "has_milk_bucket": {
      "conditions": {
        "items": [
          {
            "items": "minecraft:milk_bucket"
          }
        ]
      },
      "trigger": "minecraft:inventory_changed"
    },
    "has_sweet_berries": {
      "conditions": {
        "items": [
          {
            "items": "minecraft:sweet_berries"
          }
        ]
      },
      "trigger": "minecraft:inventory_changed"
    },
    "has_the_recipe": {
      "conditions": {
        "recipe": "grid:crafting/cake"
      },
      "trigger": "minecraft:recipe_unlocked"
    }
  },
  "requirements": [
    [
      "has_the_recipe",
      "has_wheat",
      "has_egg",
      "has_sugar",
      "has_milk_bucket",
      "has_sweet_berries"
    ]
  ],
  "rewards": {
    "recipes": [
      "grid:crafting/cake"
    ]
  }
}