{
  "criteria": {
    "has_copper_ingot": {
      "conditions": {
        "items": [
          {
            "items": "minecraft:copper_ingot"
          }
        ]
      },
      "trigger": "minecraft:inventory_changed"
    },
    "has_the_recipe": {
      "conditions": {
        "recipe": "grid:crafting/copper_trapdoor_from_copper_ingot_item"
      },
      "trigger": "minecraft:recipe_unlocked"
    }
  },
  "requirements": [
    [
      "has_the_recipe",
      "has_copper_ingot"
    ]
  ],
  "rewards": {
    "recipes": [
      "grid:crafting/copper_trapdoor_from_copper_ingot_item"
    ]
  }
}
