{
  "criteria": {
    "has_glow_ink_sac": {
      "conditions": {
        "items": [
          {
            "items": "minecraft:glow_ink_sac"
          }
        ]
      },
      "trigger": "minecraft:inventory_changed"
    },
    "has_the_recipe": {
      "conditions": {
        "recipe": "grid:crafting/cyan_dye_from_glow_ink_sac_item"
      },
      "trigger": "minecraft:recipe_unlocked"
    }
  },
  "requirements": [
    [
      "has_the_recipe",
      "has_glow_ink_sac"
    ]
  ],
  "rewards": {
    "recipes": [
      "grid:crafting/cyan_dye_from_glow_ink_sac_item"
    ]
  }
}
