{
  "criteria": {
    "has_gold_block": {
      "conditions": {
        "items": [
          {
            "items": "minecraft:gold_block"
          }
        ]
      },
      "trigger": "minecraft:inventory_changed"
    },
    "has_magma_cream": {
      "conditions": {
        "items": [
          {
            "items": "minecraft:magma_cream"
          }
        ]
      },
      "trigger": "minecraft:inventory_changed"
    },
    "has_turtle_scute": {
      "conditions": {
        "items": [
          {
            "items": "minecraft:turtle_scute"
          }
        ]
      },
      "trigger": "minecraft:inventory_changed"
    },
    "has_golden_apple": {
      "conditions": {
        "items": [
          {
            "items": "minecraft:golden_apple"
          }
        ]
      },
      "trigger": "minecraft:inventory_changed"
    },
    "has_ghast_tear": {
      "conditions": {
        "items": [
          {
            "items": "minecraft:ghast_tear"
          }
        ]
      },
      "trigger": "minecraft:inventory_changed"
    },
    "has_the_recipe": {
      "conditions": {
        "recipe": "grid:crafting/enchanted_golden_apple"
      },
      "trigger": "minecraft:recipe_unlocked"
    }
  },
  "requirements": [
    [
      "has_the_recipe",
      "has_gold_block",
      "has_magma_cream",
      "has_turtle_scute",
      "has_golden_apple",
      "has_ghast_tear"
    ]
  ],
  "rewards": {
    "recipes": [
      "grid:crafting/enchanted_golden_apple"
    ]
  }
}
