{
  "criteria": {
    "has_end_stone_bricks": {
      "conditions": {
        "items": [
          {
            "items": "minecraft:end_stone_bricks"
          }
        ]
      },
      "trigger": "minecraft:inventory_changed"
    },
    "has_the_recipe": {
      "conditions": {
        "recipe": "grid:crafting/end_stone_brick_stairs"
      },
      "trigger": "minecraft:recipe_unlocked"
    }
  },
  "requirements": [
    [
      "has_the_recipe",
      "has_end_stone_bricks"
    ]
  ],
  "rewards": {
    "recipes": [
      "grid:crafting/end_stone_brick_stairs"
    ]
  }
}
