{
  "criteria": {
    "has_painting": {
      "conditions": {
        "items": [
          {
            "items": "painting"
          }
        ]
      },
      "trigger": "minecraft:inventory_changed"
    },
    "has_black_dye": {
      "conditions": {
        "items": [
          {
            "items": "black_dye"
          }
        ]
      },
      "trigger": "minecraft:inventory_changed"
    },
    "has_brown_dye": {
      "conditions": {
        "items": [
          {
            "items": "brown_dye"
          }
        ]
      },
      "trigger": "minecraft:inventory_changed"
    },
    "has_red_dye": {
      "conditions": {
        "items": [
          {
            "items": "red_dye"
          }
        ]
      },
      "trigger": "minecraft:inventory_changed"
    },
    "has_light_gray_dye": {
      "conditions": {
        "items": [
          {
            "items": "light_gray_dye"
          }
        ]
      },
      "trigger": "minecraft:inventory_changed"
    },
    "has_pink_dye": {
      "conditions": {
        "items": [
          {
            "items": "pink_dye"
          }
        ]
      },
      "trigger": "minecraft:inventory_changed"
    },
    "has_the_recipe": {
      "conditions": {
        "recipe": "grid:crafting/graham_painting"
      },
      "trigger": "minecraft:recipe_unlocked"
    }
  },
  "requirements": [
    [
      "has_the_recipe",
      "has_painting",
      "has_black_dye",
      "has_brown_dye",
      "has_red_dye",
      "has_light_gray_dye",
      "has_pink_dye"
    ]
  ],
  "rewards": {
    "recipes": [
      "grid:crafting/graham_painting"
    ]
  }
}
