{
  "criteria": {
    "has_fire_charge": {
      "conditions": {
        "items": [
          {
            "items": "fire_charge"
          }
        ]
      },
      "trigger": "minecraft:inventory_changed"
    },
    "has_the_recipe": {
      "conditions": {
        "recipe": "grid:crafting/gunpowder"
      },
      "trigger": "minecraft:recipe_unlocked"
    }
  },
  "requirements": [
    [
      "has_the_recipe",
      "has_fire_charge"
    ]
  ],
  "rewards": {
    "recipes": [
      "grid:crafting/gunpowder"
    ]
  }
}
