{
  "criteria": {
    "has_light_blue_wool": {
      "conditions": {
        "items": [
          {
            "items": "minecraft:light_blue_wool"
          }
        ]
      },
      "trigger": "minecraft:inventory_changed"
    },
    "has_the_recipe": {
      "conditions": {
        "recipe": "grid:crafting/light_blue_carpet"
      },
      "trigger": "minecraft:recipe_unlocked"
    }
  },
  "requirements": [
    [
      "has_the_recipe",
      "has_light_blue_wool"
    ]
  ],
  "rewards": {
    "recipes": [
      "grid:crafting/light_blue_carpet"
    ]
  }
}