{
  "criteria": {
    "has_prismarine_crystals": {
      "conditions": {
        "items": [
          {
            "items": "minecraft:prismarine_crystals"
          }
        ]
      },
      "trigger": "minecraft:inventory_changed"
    },
    "has_the_recipe": {
      "conditions": {
        "recipe": "grid:crafting/light_blue_dye_from_prismarine_crystals"
      },
      "trigger": "minecraft:recipe_unlocked"
    }
  },
  "requirements": [
    [
      "has_the_recipe",
      "has_prismarine_crystals"
    ]
  ],
  "rewards": {
    "recipes": [
      "grid:crafting/light_blue_dye_from_prismarine_crystals"
    ]
  }
}
