{
  "criteria": {
    "has_green_dye": {
      "conditions": {
        "items": [
          {
            "items": "minecraft:green_dye"
          }
        ]
      },
      "trigger": "minecraft:inventory_changed"
    },
    "has_white_dye": {
      "conditions": {
        "items": [
          {
            "items": "minecraft:white_dye"
          }
        ]
      },
      "trigger": "minecraft:inventory_changed"
    },
    "has_the_recipe": {
      "conditions": {
        "recipe": "grid:crafting/lime_dye"
      },
      "trigger": "minecraft:recipe_unlocked"
    }
  },
  "requirements": [
    [
      "has_the_recipe",
      "has_green_dye",
      "has_white_dye"
    ]
  ],
  "rewards": {
    "recipes": [
      "grid:crafting/lime_dye"
    ]
  }
}
