{
  "criteria": {
    "has_slime_ball": {
      "conditions": {
        "items": [
          {
            "items": "minecraft:slime_ball"
          }
        ]
      },
      "trigger": "minecraft:inventory_changed"
    },
    "has_the_recipe": {
      "conditions": {
        "recipe": "grid:crafting/lime_dye_from_slime_ball_item"
      },
      "trigger": "minecraft:recipe_unlocked"
    }
  },
  "requirements": [
    [
      "has_the_recipe",
      "has_slime_ball"
    ]
  ],
  "rewards": {
    "recipes": [
      "grid:crafting/lime_dye_from_slime_ball_item"
    ]
  }
}
