{
  "criteria": {
    "has_rabbit_hide": {
      "conditions": {
        "items": [
          {
            "items": "minecraft:rabbit_hide"
          }
        ]
      },
      "trigger": "minecraft:inventory_changed"
    },
    "has_quartz": {
      "conditions": {
        "items": [
          {
            "items": "minecraft:quartz"
          }
        ]
      },
      "trigger": "minecraft:inventory_changed"
    },
    "has_the_recipe": {
      "conditions": {
        "recipe": "grid:crafting/name_tag"
      },
      "trigger": "minecraft:recipe_unlocked"
    }
  },
  "requirements": [
    [
      "has_the_recipe",
      "has_rabbit_hide",
      "has_quartz"
    ]
  ],
  "rewards": {
    "recipes": [
      "grid:crafting/name_tag"
    ]
  }
}
