{
  "criteria": {
    "has_oxidized_copper": {
      "conditions": {
        "items": [
          {
            "items": "minecraft:oxidized_copper"
          }
        ]
      },
      "trigger": "minecraft:inventory_changed"
    },
    "has_blaze_powder": {
      "conditions": {
        "items": [
          {
            "items": "minecraft:blaze_powder"
          }
        ]
      },
      "trigger": "minecraft:inventory_changed"
    },
    "has_redstone": {
      "conditions": {
        "items": [
          {
            "items": "minecraft:redstone"
          }
        ]
      },
      "trigger": "minecraft:inventory_changed"
    },
    "has_the_recipe": {
      "conditions": {
        "recipe": "grid:crafting/oxidized_copper_bulb"
      },
      "trigger": "minecraft:recipe_unlocked"
    }
  },
  "requirements": [
    [
      "has_the_recipe",
      "has_oxidized_copper",
      "has_blaze_powder",
      "has_redstone"
    ]
  ],
  "rewards": {
    "recipes": [
      "grid:crafting/oxidized_copper_bulb"
    ]
  }
}
