{
  "criteria": {
    "has_painting": {
      "conditions": {
        "items": [
          {
            "items": "minecraft:painting"
          }
        ]
      },
      "trigger": "minecraft:inventory_changed"
    },
    "has_brown_dye": {
      "conditions": {
        "items": [
          {
            "items": "minecraft:brown_dye"
          }
        ]
      },
      "trigger": "minecraft:inventory_changed"
    },
    "has_cyan_dye": {
      "conditions": {
        "items": [
          {
            "items": "minecraft:cyan_dye"
          }
        ]
      },
      "trigger": "minecraft:inventory_changed"
    },
    "has_light_blue_dye": {
      "conditions": {
        "items": [
          {
            "items": "minecraft:light_blue_dye"
          }
        ]
      },
      "trigger": "minecraft:inventory_changed"
    },
    "has_green_dye": {
      "conditions": {
        "items": [
          {
            "items": "minecraft:green_dye"
          }
        ]
      },
      "trigger": "minecraft:inventory_changed"
    },
    "has_white_dye": {
      "conditions": {
        "items": [
          {
            "items": "minecraft:white_dye"
          }
        ]
      },
      "trigger": "minecraft:inventory_changed"
    },
    "has_orange_dye": {
      "conditions": {
        "items": [
          {
            "items": "minecraft:orange_dye"
          }
        ]
      },
      "trigger": "minecraft:inventory_changed"
    },
    "has_the_recipe": {
      "conditions": {
        "recipe": "grid:crafting/pool_painting"
      },
      "trigger": "minecraft:recipe_unlocked"
    }
  },
  "requirements": [
    [
      "has_the_recipe",
      "has_painting",
      "has_brown_dye",
      "has_cyan_dye",
      "has_light_blue_dye",
      "has_green_dye",
      "has_white_dye",
      "has_orange_dye"
    ]
  ],
  "rewards": {
    "recipes": [
      "grid:crafting/pool_painting"
    ]
  }
}
