{
  "criteria": {
    "has_popped_chorus_fruit": {
      "conditions": {
        "items": [
          {
            "items": "minecraft:popped_chorus_fruit"
          }
        ]
      },
      "trigger": "minecraft:inventory_changed"
    },
    "has_the_recipe": {
      "conditions": {
        "recipe": "grid:crafting/purple_dye_from_popped_chorus_fruit_item"
      },
      "trigger": "minecraft:recipe_unlocked"
    }
  },
  "requirements": [
    [
      "has_the_recipe",
      "has_popped_chorus_fruit"
    ]
  ],
  "rewards": {
    "recipes": [
      "grid:crafting/purple_dye_from_popped_chorus_fruit_item"
    ]
  }
}
