{
  "criteria": {
    "has_blue_dye": {
      "conditions": {
        "items": [
          {
            "items": "minecraft:blue_dye"
          }
        ]
      },
      "trigger": "minecraft:inventory_changed"
    },
    "has_red_dye": {
      "conditions": {
        "items": [
          {
            "items": "minecraft:red_dye"
          }
        ]
      },
      "trigger": "minecraft:inventory_changed"
    },
    "has_the_recipe": {
      "conditions": {
        "recipe": "grid:crafting/purple_dye"
      },
      "trigger": "minecraft:recipe_unlocked"
    }
  },
  "requirements": [
    [
      "has_the_recipe",
      "has_blue_dye",
      "has_red_dye"
    ]
  ],
  "rewards": {
    "recipes": [
      "grid:crafting/purple_dye"
    ]
  }
}
