{
  "criteria": {
    "has_echo_shard": {
      "conditions": {
        "items": [
          {
            "items": "minecraft:echo_shard"
          }
        ]
      },
      "trigger": "minecraft:inventory_changed"
    },
    "has_compass": {
      "conditions": {
        "items": [
          {
            "items": "minecraft:compass"
          }
        ]
      },
      "trigger": "minecraft:inventory_changed"
    },
    "has_the_recipe": {
      "conditions": {
        "recipe": "grid:crafting/recovery_compass"
      },
      "trigger": "minecraft:recipe_unlocked"
    }
  },
  "requirements": [
    [
      "has_the_recipe",
      "has_echo_shard",
      "has_compass"
    ]
  ],
  "rewards": {
    "recipes": [
      "grid:crafting/recovery_compass"
    ]
  }
}
