{
  "criteria": {
    "has_redstone": {
      "conditions": {
        "items": [
          {
            "items": "minecraft:redstone"
          }
        ]
      },
      "trigger": "minecraft:inventory_changed"
    },
    "has_torch_handle_materials": {
      "conditions": {
        "items": [
          {
            "items": "#minecraft:torch_handle_materials"
          }
        ]
      },
      "trigger": "minecraft:inventory_changed"
    },
    "has_the_recipe": {
      "conditions": {
        "recipe": "grid:redstone/redstone_torch"
      },
      "trigger": "minecraft:recipe_unlocked"
    }
  },
  "requirements": [
    [
      "has_the_recipe",
      "has_redstone",
      "has_torch_handle_materials"
    ]
  ],
  "rewards": {
    "recipes": [
      "grid:redstone/redstone_torch"
    ]
  }
}
