{
  "criteria": {
    "has_painting": {
      "conditions": {
        "items": [
          {
            "items": "minecraft:painting"
          }
        ]
      },
      "trigger": "minecraft:inventory_changed"
    },
    "has_light_blue_dye": {
      "conditions": {
        "items": [
          {
            "items": "minecraft:light_blue_dye"
          }
        ]
      },
      "trigger": "minecraft:inventory_changed"
    },
    "has_cyan_dye": {
      "conditions": {
        "items": [
          {
            "items": "minecraft:cyan_dye"
          }
        ]
      },
      "trigger": "minecraft:inventory_changed"
    },
    "has_blue_dye": {
      "conditions": {
        "items": [
          {
            "items": "minecraft:blue_dye"
          }
        ]
      },
      "trigger": "minecraft:inventory_changed"
    },
    "has_lime_dye": {
      "conditions": {
        "items": [
          {
            "items": "minecraft:lime_dye"
          }
        ]
      },
      "trigger": "minecraft:inventory_changed"
    },
    "has_red_dye": {
      "conditions": {
        "items": [
          {
            "items": "minecraft:red_dye"
          }
        ]
      },
      "trigger": "minecraft:inventory_changed"
    },
    "has_the_recipe": {
      "conditions": {
        "recipe": "grid:crafting/skull_and_roses_painting"
      },
      "trigger": "minecraft:recipe_unlocked"
    }
  },
  "requirements": [
    [
      "has_the_recipe",
      "has_painting",
      "has_light_blue_dye",
      "has_cyan_dye",
      "has_blue_dye",
      "has_lime_dye",
      "has_red_dye"
    ]
  ],
  "rewards": {
    "recipes": [
      "grid:crafting/skull_and_roses_painting"
    ]
  }
}
