{
  "criteria": {
    "has_end_crystal": {
      "conditions": {
        "items": [
          {
            "items": "minecraft:end_crystal"
          }
        ]
      },
      "trigger": "minecraft:inventory_changed"
    },
    "has_chain": {
      "conditions": {
        "items": [
          {
            "items": "minecraft:chain"
          }
        ]
      },
      "trigger": "minecraft:inventory_changed"
    },
    "has_blaze_powder": {
      "conditions": {
        "items": [
          {
            "items": "minecraft:blaze_powder"
          }
        ]
      },
      "trigger": "minecraft:inventory_changed"
    },
    "has_iron_bars": {
      "conditions": {
        "items": [
          {
            "items": "minecraft:iron_bars"
          }
        ]
      },
      "trigger": "minecraft:inventory_changed"
    },
    "has_the_recipe": {
      "conditions": {
        "recipe": "grid:crafting/spawner"
      },
      "trigger": "minecraft:recipe_unlocked"
    }
  },
  "requirements": [
    [
      "has_the_recipe",
      "has_end_crystal",
      "has_chain",
      "has_blaze_powder",
      "has_iron_bars"
    ]
  ],
  "rewards": {
    "recipes": [
      "grid:crafting/spawner"
    ]
  }
}
