{
  "criteria": {
    "has_painting": {
      "conditions": {
        "items": [
          {
            "items": "minecraft:painting"
          }
        ]
      },
      "trigger": "minecraft:inventory_changed"
    },
    "has_gray_dye": {
      "conditions": {
        "items": [
          {
            "items": "minecraft:gray_dye"
          }
        ]
      },
      "trigger": "minecraft:inventory_changed"
    },
    "has_black_dye": {
      "conditions": {
        "items": [
          {
            "items": "minecraft:black_dye"
          }
        ]
      },
      "trigger": "minecraft:inventory_changed"
    },
    "has_light_blue_dye": {
      "conditions": {
        "items": [
          {
            "items": "minecraft:light_blue_dye"
          }
        ]
      },
      "trigger": "minecraft:inventory_changed"
    },
    "has_purple_dye": {
      "conditions": {
        "items": [
          {
            "items": "minecraft:purple_dye"
          }
        ]
      },
      "trigger": "minecraft:inventory_changed"
    },
    "has_red_dye": {
      "conditions": {
        "items": [
          {
            "items": "minecraft:red_dye"
          }
        ]
      },
      "trigger": "minecraft:inventory_changed"
    },
    "has_white_dye": {
      "conditions": {
        "items": [
          {
            "items": "minecraft:white_dye"
          }
        ]
      },
      "trigger": "minecraft:inventory_changed"
    },
    "has_yellow_dye": {
      "conditions": {
        "items": [
          {
            "items": "minecraft:yellow_dye"
          }
        ]
      },
      "trigger": "minecraft:inventory_changed"
    },
    "has_the_recipe": {
      "conditions": {
        "recipe": "grid:crafting/stage_painting"
      },
      "trigger": "minecraft:recipe_unlocked"
    }
  },
  "requirements": [
    [
      "has_the_recipe",
      "has_painting",
      "has_gray_dye",
      "has_black_dye",
      "has_light_blue_dye",
      "has_purple_dye",
      "has_red_dye",
      "has_white_dye",
      "has_yellow_dye"
    ]
  ],
  "rewards": {
    "recipes": [
      "grid:crafting/stage_painting"
    ]
  }
}
