{
  "criteria": {
    "has_bamboo": {
      "conditions": {
        "items": [
          {
            "items": "minecraft:bamboo"
          }
        ]
      },
      "trigger": "minecraft:inventory_changed"
    },
    "has_the_recipe": {
      "conditions": {
        "recipe": "grid:crafting/stick_from_bamboo_item"
      },
      "trigger": "minecraft:recipe_unlocked"
    }
  },
  "requirements": [
    [
      "has_the_recipe",
      "has_bamboo"
    ]
  ],
  "rewards": {
    "recipes": [
      "grid:crafting/stick_from_bamboo_item"
    ]
  }
}
