{
  "criteria": {
    "has_coals": {
      "conditions": {
        "items": [
          {
            "items": "#minecraft:coals"
          }
        ]
      },
      "trigger": "minecraft:inventory_changed"
    },
    "has_torch_handle_materials": {
      "conditions": {
        "items": [
          {
            "items": "#minecraft:torch_handle_materials"
          }
        ]
      },
      "trigger": "minecraft:inventory_changed"
    },
    "has_the_recipe": {
      "conditions": {
        "recipe": "grid:crafting/torch"
      },
      "trigger": "minecraft:recipe_unlocked"
    }
  },
  "requirements": [
    [
      "has_the_recipe",
      "has_coals",
      "has_torch_handle_materials"
    ]
  ],
  "rewards": {
    "recipes": [
      "grid:crafting/torch"
    ]
  }
}
