{
    "criteria": {
      "has_acacia_planks": {
        "trigger": "minecraft:inventory_changed",
        "conditions": {
          "items": [
            {
              "items": [
                "minecraft:acacia_planks"
              ]
            }
          ]
        }
      }
    },
    "rewards": {
      "recipes": [
        "minecraft:acacia_fence_gate_from_stonecutting",
        "minecraft:acacia_fence_from_stonecutting",
        "minecraft:acacia_door_from_stonecutting",
        "minecraft:acacia_trapdoor_from_stonecutting",
        "minecraft:acacia_slab_from_stonecutting",
        "minecraft:acacia_stairs_from_stonecutting"
      ]
    }
  }
  