{
    "criteria": {
      "has_bamboo_planks": {
        "trigger": "minecraft:inventory_changed",
        "conditions": {
          "items": [
            {
              "items": [
                "minecraft:bamboo_planks"
              ]
            }
          ]
        }
      }
    },
    "rewards": {
      "recipes": [
        "minecraft:bamboo_fence_gate_from_stonecutting",
        "minecraft:bamboo_fence_from_stonecutting",
        "minecraft:bamboo_door_from_stonecutting",
        "minecraft:bamboo_trapdoor_from_stonecutting",
        "minecraft:bamboo_slab_from_stonecutting",
        "minecraft:bamboo_stairs_from_stonecutting"
      ]
    }
  }
  