{
    "criteria": {
      "has_birch_planks": {
        "trigger": "minecraft:inventory_changed",
        "conditions": {
          "items": [
            {
              "items": [
                "minecraft:birch_planks"
              ]
            }
          ]
        }
      }
    },
    "rewards": {
      "recipes": [
        "minecraft:birch_fence_gate_from_stonecutting",
        "minecraft:birch_fence_from_stonecutting",
        "minecraft:birch_door_from_stonecutting",
        "minecraft:birch_trapdoor_from_stonecutting",
        "minecraft:birch_slab_from_stonecutting",
        "minecraft:birch_stairs_from_stonecutting",
        "minecraft:paper_from_stonecutting"
      ]
    }
  }
  