{
    "criteria": {
      "has_needed_item": {
        "trigger": "minecraft:inventory_changed",
        "conditions": {
          "items": [
            {
              "items": [
                "minecraft:chain"
              ]
            }
          ]
        }
      }
    },
    "rewards": {
      "recipes": [
        "minecraft:chainmail_helmet",
        "minecraft:chainmail_chestplate",
        "minecraft:chainmail_leggings",
        "minecraft:chainmail_boots",
        "minecraft:spawner"
      ]
    }
  }
  