{
    "criteria": {
      "has_cherry_planks": {
        "trigger": "minecraft:inventory_changed",
        "conditions": {
          "items": [
            {
              "items": [
                "minecraft:cherry_planks"
              ]
            }
          ]
        }
      }
    },
    "rewards": {
      "recipes": [
        "minecraft:cherry_fence_gate_from_stonecutting",
        "minecraft:cherry_fence_from_stonecutting",
        "minecraft:cherry_door_from_stonecutting",
        "minecraft:cherry_trapdoor_from_stonecutting",
        "minecraft:cherry_slab_from_stonecutting",
        "minecraft:cherry_stairs_from_stonecutting"
      ]
    }
  }
  