{
    "criteria": {
      "has_needed_item": {
        "trigger": "minecraft:inventory_changed",
        "conditions": {
          "items": [
            {
              "items": [
                "minecraft:copper_ingot"
              ]
            }
          ]
        }
      }
    },
    "rewards": {
      "recipes": [
        "minecraft:lantern",
        "minecraft:soul_lantern",
        "minecraft:powered_rail",
        "minecraft:piston",
        "minecraft:observer",
        "minecraft:tripwire_hook",
        "minecraft:jukebox",
        "minecraft:saddle",
        "minecraft:hopper"
      ]
    }
  }
  