{
    "criteria": {
      "has_crimson_planks": {
        "trigger": "minecraft:inventory_changed",
        "conditions": {
          "items": [
            {
              "items": [
                "minecraft:crimson_planks"
              ]
            }
          ]
        }
      }
    },
    "rewards": {
      "recipes": [
        "minecraft:crimson_fence_gate_from_stonecutting",
        "minecraft:crimson_fence_from_stonecutting",
        "minecraft:crimson_door_from_stonecutting",
        "minecraft:crimson_trapdoor_from_stonecutting",
        "minecraft:crimson_slab_from_stonecutting",
        "minecraft:crimson_stairs_from_stonecutting"
      ]
    }
  }
  