{
    "criteria": {
      "has_needed_item": {
        "trigger": "minecraft:inventory_changed",
        "conditions": {
          "items": [
            {
              "items": [
                "minecraft:iron_ingot"
              ]
            }
          ]
        }
      }
    },
    "rewards": {
      "recipes": [
        "minecraft:iron_axe_from_smithing",
        "minecraft:iron_hoe_from_smithing",
        "minecraft:iron_pickaxe_from_smithing",
        "minecraft:iron_shovel_from_smithing",
        "minecraft:iron_sword_from_smithing"
      ]
    }
  }
  