{
    "criteria": {
      "has_iron_block": {
        "trigger": "minecraft:inventory_changed",
        "conditions": {
          "items": [
            {
              "items": [
                "minecraft:iron_block"
              ]
            }
          ]
        }
      }
    },
    "rewards": {
      "recipes": [
        "minecraft:iron_bars_from_stonecutting",
        "minecraft:iron_door_from_stonecutting",
        "minecraft:iron_trapdoor_from_stonecutting",
        "minecraft:chain_from_stonecutting"
      ]
    }
  }
  