{
    "criteria": {
      "has_jungle_planks": {
        "trigger": "minecraft:inventory_changed",
        "conditions": {
          "items": [
            {
              "items": [
                "minecraft:jungle_planks"
              ]
            }
          ]
        }
      }
    },
    "rewards": {
      "recipes": [
        "minecraft:jungle_fence_gate_from_stonecutting",
        "minecraft:jungle_fence_from_stonecutting",
        "minecraft:jungle_door_from_stonecutting",
        "minecraft:jungle_trapdoor_from_stonecutting",
        "minecraft:jungle_slab_from_stonecutting",
        "minecraft:jungle_stairs_from_stonecutting"
      ]
    }
  }
  