{
    "criteria": {
      "has_mangrove_planks": {
        "trigger": "minecraft:inventory_changed",
        "conditions": {
          "items": [
            {
              "items": [
                "minecraft:mangrove_planks"
              ]
            }
          ]
        }
      }
    },
    "rewards": {
      "recipes": [
        "minecraft:mangrove_fence_gate_from_stonecutting",
        "minecraft:mangrove_fence_from_stonecutting",
        "minecraft:mangrove_door_from_stonecutting",
        "minecraft:mangrove_trapdoor_from_stonecutting",
        "minecraft:mangrove_slab_from_stonecutting",
        "minecraft:mangrove_stairs_from_stonecutting"
      ]
    }
  }
  