{
    "criteria": {
      "has_oak_planks": {
        "trigger": "minecraft:inventory_changed",
        "conditions": {
          "items": [
            {
              "items": [
                "minecraft:oak_planks"
              ]
            }
          ]
        }
      }
    },
    "rewards": {
      "recipes": [
        "minecraft:oak_fence_gate_from_stonecutting",
        "minecraft:oak_fence_from_stonecutting",
        "minecraft:oak_door_from_stonecutting",
        "minecraft:oak_trapdoor_from_stonecutting",
        "minecraft:oak_slab_from_stonecutting",
        "minecraft:oak_stairs_from_stonecutting"
      ]
    }
  }
  