{
    "criteria": {
      "has_spruce_planks": {
        "trigger": "minecraft:inventory_changed",
        "conditions": {
          "items": [
            {
              "items": [
                "minecraft:spruce_planks"
              ]
            }
          ]
        }
      }
    },
    "rewards": {
      "recipes": [
        "minecraft:spruce_fence_gate_from_stonecutting",
        "minecraft:spruce_fence_from_stonecutting",
        "minecraft:spruce_door_from_stonecutting",
        "minecraft:spruce_trapdoor_from_stonecutting",
        "minecraft:spruce_slab_from_stonecutting",
        "minecraft:spruce_stairs_from_stonecutting"
      ]
    }
  }
  