{
    "criteria": {
      "has_needed_item": {
        "trigger": "minecraft:inventory_changed",
        "conditions": {
          "items": [
            {
              "items": [
                "minecraft:warped_planks"
              ]
            }
          ]
        }
      }
    },
    "rewards": {
      "recipes": [
        "minecraft:warped_fence_gate_from_stonecutting",
        "minecraft:warped_fence_from_stonecutting",
        "minecraft:warped_door_from_stonecutting",
        "minecraft:warped_trapdoor_from_stonecutting",
        "minecraft:warped_slab_from_stonecutting",
        "minecraft:warped_stairs_from_stonecutting"
      ]
    }
  }
  