{
  "criteria": {
    "has_sea_pickle": {
      "conditions": {
        "items": [
          {
            "items": "minecraft:sea_pickle"
          }
        ]
      },
      "trigger": "minecraft:inventory_changed"
    },
    "has_the_recipe": {
      "conditions": {
        "recipe": "grid:smelting/lime_dye"
      },
      "trigger": "minecraft:recipe_unlocked"
    }
  },
  "requirements": [
    [
      "has_the_recipe",
      "has_sea_pickle"
    ]
  ],
  "rewards": {
    "recipes": [
      "grid:smelting/lime_dye"
    ]
  }
}
