{
  "criteria": {
    "has_acacia_log": {
      "conditions": {
        "items": [
          {
            "items": "minecraft:acacia_log"
          }
        ]
      },
      "trigger": "minecraft:inventory_changed"
    },
    "has_stripped_acacia_log": {
      "conditions": {
        "items": [
          {
            "items": "minecraft:stripped_acacia_log"
          }
        ]
      },
      "trigger": "minecraft:inventory_changed"
    },
    "has_acacia_wood": {
      "conditions": {
        "items": [
          {
            "items": "minecraft:acacia_wood"
          }
        ]
      },
      "trigger": "minecraft:inventory_changed"
    },
    "has_stripped_acacia_wood": {
      "conditions": {
        "items": [
          {
            "items": "minecraft:stripped_acacia_wood"
          }
        ]
      },
      "trigger": "minecraft:inventory_changed"
    },
    "has_the_recipe": {
      "conditions": {
        "recipe": "grid:stonecutting/acacia_planks"
      },
      "trigger": "minecraft:recipe_unlocked"
    }
  },
  "requirements": [
    [
      "has_the_recipe",
      "has_acacia_log",
      "has_stripped_acacia_log",
      "has_acacia_wood",
      "has_stripped_acacia_wood"
    ]
  ],
  "rewards": {
    "recipes": [
      "grid:stonecutting/acacia_planks"
    ]
  }
}
