{
  "criteria": {
    "has_bamboo_block": {
      "conditions": {
        "items": [
          {
            "items": "minecraft:bamboo_block"
          }
        ]
      },
      "trigger": "minecraft:inventory_changed"
    },
    "has_stripped_bamboo_block": {
      "conditions": {
        "items": [
          {
            "items": "minecraft:stripped_bamboo_block"
          }
        ]
      },
      "trigger": "minecraft:inventory_changed"
    },
    "has_the_recipe": {
      "conditions": {
        "recipe": "grid:stonecutting/bamboo_door_from_blocks"
      },
      "trigger": "minecraft:recipe_unlocked"
    }
  },
  "requirements": [
    [
      "has_the_recipe",
      "has_bamboo_block",
      "has_stripped_bamboo_block"
    ]
  ],
  "rewards": {
    "recipes": [
      "grid:stonecutting/bamboo_door_from_blocks"
    ]
  }
}
