{
  "criteria": {
    "has_birch_log": {
      "conditions": {
        "items": [
          {
            "items": "minecraft:birch_log"
          }
        ]
      },
      "trigger": "minecraft:inventory_changed"
    },
    "has_stripped_birch_log": {
      "conditions": {
        "items": [
          {
            "items": "minecraft:stripped_birch_log"
          }
        ]
      },
      "trigger": "minecraft:inventory_changed"
    },
    "has_birch_wood": {
      "conditions": {
        "items": [
          {
            "items": "minecraft:birch_wood"
          }
        ]
      },
      "trigger": "minecraft:inventory_changed"
    },
    "has_stripped_birch_wood": {
      "conditions": {
        "items": [
          {
            "items": "minecraft:stripped_birch_wood"
          }
        ]
      },
      "trigger": "minecraft:inventory_changed"
    },
    "has_the_recipe": {
      "conditions": {
        "recipe": "grid:stonecutting/birch_slab_from_logs"
      },
      "trigger": "minecraft:recipe_unlocked"
    }
  },
  "requirements": [
    [
      "has_the_recipe",
      "has_birch_log",
      "has_stripped_birch_log",
      "has_birch_wood",
      "has_stripped_birch_wood"
    ]
  ],
  "rewards": {
    "recipes": [
      "grid:stonecutting/birch_slab_from_logs"
    ]
  }
}
