{
  "criteria": {
    "has_crimson_stem": {
      "conditions": {
        "items": [
          {
            "items": "minecraft:crimson_stem"
          }
        ]
      },
      "trigger": "minecraft:inventory_changed"
    },
    "has_stripped_crimson_stem": {
      "conditions": {
        "items": [
          {
            "items": "minecraft:stripped_crimson_stem"
          }
        ]
      },
      "trigger": "minecraft:inventory_changed"
    },
    "has_crimson_hyphae": {
      "conditions": {
        "items": [
          {
            "items": "minecraft:crimson_hyphae"
          }
        ]
      },
      "trigger": "minecraft:inventory_changed"
    },
    "has_stripped_crimson_hyphae": {
      "conditions": {
        "items": [
          {
            "items": "minecraft:stripped_crimson_hyphae"
          }
        ]
      },
      "trigger": "minecraft:inventory_changed"
    },
    "has_the_recipe": {
      "conditions": {
        "recipe": "grid:stonecutting/crimson_stairs_from_stems"
      },
      "trigger": "minecraft:recipe_unlocked"
    }
  },
  "requirements": [
    [
      "has_the_recipe",
      "has_crimson_stem",
      "has_stripped_crimson_stem",
      "has_crimson_hyphae",
      "has_stripped_crimson_hyphae"
    ]
  ],
  "rewards": {
    "recipes": [
      "grid:stonecutting/crimson_stairs_from_stems"
    ]
  }
}
