{
  "criteria": {
    "has_spruce_log": {
      "conditions": {
        "items": [
          {
            "items": "minecraft:spruce_log"
          }
        ]
      },
      "trigger": "minecraft:inventory_changed"
    },
    "has_stripped_spruce_log": {
      "conditions": {
        "items": [
          {
            "items": "minecraft:stripped_spruce_log"
          }
        ]
      },
      "trigger": "minecraft:inventory_changed"
    },
    "has_spruce_wood": {
      "conditions": {
        "items": [
          {
            "items": "minecraft:spruce_wood"
          }
        ]
      },
      "trigger": "minecraft:inventory_changed"
    },
    "has_stripped_spruce_wood": {
      "conditions": {
        "items": [
          {
            "items": "minecraft:stripped_spruce_wood"
          }
        ]
      },
      "trigger": "minecraft:inventory_changed"
    },
    "has_the_recipe": {
      "conditions": {
        "recipe": "grid:stonecutting/spruce_slab_from_logs"
      },
      "trigger": "minecraft:recipe_unlocked"
    }
  },
  "requirements": [
    [
      "has_the_recipe",
      "has_spruce_log",
      "has_stripped_spruce_log",
      "has_spruce_wood",
      "has_stripped_spruce_wood"
    ]
  ],
  "rewards": {
    "recipes": [
      "grid:stonecutting/spruce_slab_from_logs"
    ]
  }
}
