{
  "criteria": {
    "has_painting": {
      "conditions": {
        "items": [
          {
            "items": "painting"
          }
        ]
      },
      "trigger": "minecraft:inventory_changed"
    },
    "has_blue_dye": {
      "conditions": {
        "items": [
          {
            "items": "blue_dye"
          }
        ]
      },
      "trigger": "minecraft:inventory_changed"
    },
    "has_cyan_dye": {
      "conditions": {
        "items": [
          {
            "items": "cyan_dye"
          }
        ]
      },
      "trigger": "minecraft:inventory_changed"
    },
    "has_green_dye": {
      "conditions": {
        "items": [
          {
            "items": "green_dye"
          }
        ]
      },
      "trigger": "minecraft:inventory_changed"
    },
    "has_yellow_dye": {
      "conditions": {
        "items": [
          {
            "items": "yellow_dye"
          }
        ]
      },
      "trigger": "minecraft:inventory_changed"
    },
    "has_white_dye": {
      "conditions": {
        "items": [
          {
            "items": "white_dye"
          }
        ]
      },
      "trigger": "minecraft:inventory_changed"
    },
    "has_the_recipe": {
      "conditions": {
        "recipe": "grid:crafting/aztec2_painting"
      },
      "trigger": "minecraft:recipe_unlocked"
    }
  },
  "requirements": [
    [
      "has_the_recipe",
      "has_painting",
      "has_blue_dye",
      "has_cyan_dye",
      "has_green_dye",
      "has_yellow_dye",
      "has_white_dye"
    ]
  ],
  "rewards": {
    "recipes": [
      "grid:crafting/aztec2_painting"
    ]
  }
}