{
  "criteria": {
    "has_stripped_bamboo_block": {
      "conditions": {
        "items": [
          {
            "items": "stripped_bamboo_block"
          }
        ]
      },
      "trigger": "minecraft:inventory_changed"
    },
    "has_chain": {
      "conditions": {
        "items": [
          {
            "items": "chain"
          }
        ]
      },
      "trigger": "minecraft:inventory_changed"
    },
    "has_the_recipe": {
      "conditions": {
        "recipe": "grid:crafting/bamboo_hanging_sign"
      },
      "trigger": "minecraft:recipe_unlocked"
    }
  },
  "requirements": [
    [
      "has_the_recipe",
      "has_stripped_bamboo_block",
      "has_chain"
    ]
  ],
  "rewards": {
    "recipes": [
      "grid:crafting/bamboo_hanging_sign"
    ]
  }
}
