{
  "criteria": {
    "has_gold_block": {
      "conditions": {
        "items": [
          {
            "items": "gold_block"
          }
        ]
      },
      "trigger": "minecraft:inventory_changed"
    },
    "has_stone": {
      "conditions": {
        "items": [
          {
            "items": "stone"
          }
        ]
      },
      "trigger": "minecraft:inventory_changed"
    },
    "has_stick": {
      "conditions": {
        "items": [
          {
            "items": "stick"
          }
        ]
      },
      "trigger": "minecraft:inventory_changed"
    },
    "has_the_recipe": {
      "conditions": {
        "recipe": "grid:crafting/bell"
      },
      "trigger": "minecraft:recipe_unlocked"
    }
  },
  "requirements": [
    [
      "has_the_recipe",
      "has_gold_block",
      "has_stone",
      "has_stick"
    ]
  ],
  "rewards": {
    "recipes": [
      "grid:crafting/bell"
    ]
  }
}