{
    "criteria": {
      "has_birch_planks": {
        "conditions": {
          "items": [
            {
              "items": "birch_planks"
            }
          ]
        },
        "trigger": "minecraft:inventory_changed"
      },
      "has_the_recipe": {
        "conditions": {
          "recipe": "grid:crafting/birch_trapdoor"
        },
        "trigger": "minecraft:recipe_unlocked"
      }
    },
    "requirements": [
      [
        "has_the_recipe",
        "has_birch_planks"
      ]
    ],
    "rewards": {
      "recipes": [
        "grid:crafting/birch_trapdoor"
      ]
    }
}  