{
  "criteria": {
    "has_charcoal": {
      "conditions": {
        "items": [
          {
            "items": "minecraft:charcoal"
          }
        ]
      },
      "trigger": "minecraft:inventory_changed"
    },
    "has_the_recipe": {
      "conditions": {
        "recipe": "grid:crafting/black_dye_from_charcoal_item"
      },
      "trigger": "minecraft:recipe_unlocked"
    }
  },
  "requirements": [
    [
      "has_the_recipe",
      "has_charcoal"
    ]
  ],
  "rewards": {
    "recipes": [
      "grid:crafting/black_dye_from_charcoal_item"
    ]
  }
}