{
  "criteria": {
    "has_echo_shard": {
      "conditions": {
        "items": [
          {
            "items": "minecraft:echo_shard"
          }
        ]
      },
      "trigger": "minecraft:inventory_changed"
    },
    "has_the_recipe": {
      "conditions": {
        "recipe": "grid:crafting/blue_dye_from_echo_shard_item"
      },
      "trigger": "minecraft:recipe_unlocked"
    }
  },
  "requirements": [
    [
      "has_the_recipe",
      "has_echo_shard"
    ]
  ],
  "rewards": {
    "recipes": [
      "grid:crafting/blue_dye_from_echo_shard_item"
    ]
  }
}