{
  "criteria": {
    "has_flexible_body_materials": {
      "conditions": {
        "items": [
          {
            "items": "#minecraft:flexible_body_materials"
          }
        ]
      },
      "trigger": "minecraft:inventory_changed"
    },
    "has_string": {
      "conditions": {
        "items": [
          {
            "items": "minecraft:string"
          }
        ]
      },
      "trigger": "minecraft:inventory_changed"
    },
    "has_the_recipe": {
      "conditions": {
        "recipe": "grid:crafting/bow"
      },
      "trigger": "minecraft:recipe_unlocked"
    }
  },
  "requirements": [
    [
      "has_the_recipe",
      "has_flexible_body_materials",
      "has_string"
    ]
  ],
  "rewards": {
    "recipes": [
      "grid:crafting/bow"
    ]
  }
}
