{
  "criteria": {
    "has_cocoa_beans": {
      "conditions": {
        "items": [
          {
            "items": "minecraft:cocoa_beans"
          }
        ]
      },
      "trigger": "minecraft:inventory_changed"
    },
    "has_the_recipe": {
      "conditions": {
        "recipe": "grid:crafting/brown_dye"
      },
      "trigger": "minecraft:recipe_unlocked"
    }
  },
  "requirements": [
    [
      "has_the_recipe",
      "has_cocoa_beans"
    ]
  ],
  "rewards": {
    "recipes": [
      "grid:crafting/brown_dye"
    ]
  }
}