{
  "criteria": {
    "has_painting": {
      "conditions": {
        "items": [
          {
            "items": "minecraft:painting"
          }
        ]
      },
      "trigger": "minecraft:inventory_changed"
    },
    "has_black_dye": {
      "conditions": {
        "items": [
          {
            "items": "minecraft:black_dye"
          }
        ]
      },
      "trigger": "minecraft:inventory_changed"
    },
    "has_brown_dye": {
      "conditions": {
        "items": [
          {
            "items": "minecraft:brown_dye"
          }
        ]
      },
      "trigger": "minecraft:inventory_changed"
    },
    "has_green_dye": {
      "conditions": {
        "items": [
          {
            "items": "minecraft:green_dye"
          }
        ]
      },
      "trigger": "minecraft:inventory_changed"
    },
    "has_red_dye": {
      "conditions": {
        "items": [
          {
            "items": "minecraft:red_dye"
          }
        ]
      },
      "trigger": "minecraft:inventory_changed"
    },
    "has_yellow_dye": {
      "conditions": {
        "items": [
          {
            "items": "minecraft:yellow_dye"
          }
        ]
      },
      "trigger": "minecraft:inventory_changed"
    },
    "has_the_recipe": {
      "conditions": {
        "recipe": "grid:crafting/bust_painting"
      },
      "trigger": "minecraft:recipe_unlocked"
    }
  },
  "requirements": [
    [
      "has_the_recipe",
      "has_painting",
      "has_black_dye",
      "has_brown_dye",
      "has_green_dye",
      "has_red_dye",
      "has_yellow_dye"
    ]
  ],
  "rewards": {
    "recipes": [
      "grid:crafting/bust_painting"
    ]
  }
}