{
  "criteria": {
    "has_cut_copper": {
      "conditions": {
        "items": [
          {
            "items": "minecraft:cut_copper"
          }
        ]
      },
      "trigger": "minecraft:inventory_changed"
    },
    "has_the_recipe": {
      "conditions": {
        "recipe": "grid:crafting/cut_copper_stairs"
      },
      "trigger": "minecraft:recipe_unlocked"
    }
  },
  "requirements": [
    [
      "has_the_recipe",
      "has_cut_copper"
    ]
  ],
  "rewards": {
    "recipes": [
      "grid:crafting/cut_copper_stairs"
    ]
  }
}
