{
  "criteria": {
    "has_stripped_dark_oak_log": {
      "conditions": {
        "items": [
          {
            "items": "minecraft:stripped_dark_oak_log"
          }
        ]
      },
      "trigger": "minecraft:inventory_changed"
    },
    "has_the_recipe": {
      "conditions": {
        "recipe": "grid:crafting/dark_oak_hanging_sign"
      },
      "trigger": "minecraft:recipe_unlocked"
    }
  },
  "requirements": [
    [
      "has_the_recipe",
      "has_stripped_dark_oak_log"
    ]
  ],
  "rewards": {
    "recipes": [
      "grid:crafting/dark_oak_hanging_sign"
    ]
  }
}
