{
  "criteria": {
    "has_pressure_plates": {
      "conditions": {
        "items": [
          {
            "items": "#minecraft:pressure_plates"
          }
        ]
      },
      "trigger": "minecraft:inventory_changed"
    },
    "has_redstone": {
      "conditions": {
        "items": [
          {
            "items": "minecraft:redstone"
          }
        ]
      },
      "trigger": "minecraft:inventory_changed"
    },
    "has_iron_ingot": {
      "conditions": {
        "items": [
          {
            "items": "minecraft:iron_ingot"
          }
        ]
      },
      "trigger": "minecraft:inventory_changed"
    },
    "has_the_recipe": {
      "conditions": {
        "recipe": "grid:crafting/detector_rail"
      },
      "trigger": "minecraft:recipe_unlocked"
    }
  },
  "requirements": [
    [
      "has_the_recipe",
      "has_pressure_plates",
      "has_redstone",
      "has_iron_ingot"
    ]
  ],
  "rewards": {
    "recipes": [
      "grid:crafting/detector_rail"
    ]
  }
}
