{
  "criteria": {
    "has_diamond": {
      "conditions": {
        "items": [
          {
            "items": "minecraft:diamond"
          }
        ]
      },
      "trigger": "minecraft:inventory_changed"
    },
    "has_the_recipe": {
      "conditions": {
        "recipe": "grid:crafting/diamond_horse_armor"
      },
      "trigger": "minecraft:recipe_unlocked"
    }
  },
  "requirements": [
    [
      "has_the_recipe",
      "has_diamond"
    ]
  ],
  "rewards": {
    "recipes": [
      "grid:crafting/diamond_horse_armor"
    ]
  }
}
