{
  "criteria": {
    "has_sculk": {
      "conditions": {
        "items": [
          {
            "items": "minecraft:sculk"
          }
        ]
      },
      "trigger": "minecraft:inventory_changed"
    },
    "has_glass_bottle":{
      "conditions":{
        "items":[
          {
            "items":"minecraft:glass_bottle"
          }
        ]
      },
      "trigger": "minecraft:inventory_changed"
    },
    "has_the_recipe": {
      "conditions": {
        "recipe": "grid:crafting/experience_bottle"
      },
      "trigger": "minecraft:recipe_unlocked"
    }
  },
  "requirements": [
    [
      "has_the_recipe",
      "has_sculk",
      "has_glass_bottle"
    ]
  ],
  "rewards": {
    "recipes": [
      "grid:crafting/experience_bottle"
    ]
  }
}

