{
  "criteria": {
    "has_chiseled_stone_bricks": {
      "conditions": {
        "items": [
          {
            "items": "minecraft:chiseled_stone_bricks"
          }
        ]
      },
      "trigger": "minecraft:inventory_changed"
    },
    "has_netherite_ingot": {
      "conditions": {
        "items": [
          {
            "items": "minecraft:netherite_ingot"
          }
        ]
      },
      "trigger": "minecraft:inventory_changed"
    },
    "has_the_recipe": {
      "conditions": {
        "recipe": "grid:crafting/lodestone"
      },
      "trigger": "minecraft:recipe_unlocked"
    }
  },
  "requirements": [
    [
      "has_the_recipe",
      "has_chiseled_stone_bricks",
      "has_netherite_ingot"
    ]
  ],
  "rewards": {
    "recipes": [
      "grid:crafting/lodestone"
    ]
  }
}
