{
  "criteria": {
    "has_mangrove_planks": {
      "conditions": {
        "items": [
          {
            "items": "minecraft:mangrove_planks"
          }
        ]
      },
      "trigger": "minecraft:inventory_changed"
    },
    "has_the_recipe": {
      "conditions": {
        "recipe": "grid:crafting/mangrove_stairs"
      },
      "trigger": "minecraft:recipe_unlocked"
    }
  },
  "requirements": [
    [
      "has_the_recipe",
      "has_mangrove_planks"
    ]
  ],
  "rewards": {
    "recipes": [
      "grid:crafting/mangrove_stairs"
    ]
  }
}
