{
  "criteria": {
    "has_honeycomb": {
      "conditions": {
        "items": [
          {
            "items": "minecraft:honeycomb"
          }
        ]
      },
      "trigger": "minecraft:inventory_changed"
    },
    "has_the_recipe": {
      "conditions": {
        "recipe": "grid:crafting/orange_dye"
      },
      "trigger": "minecraft:recipe_unlocked"
    }
  },
  "requirements": [
    [
      "has_the_recipe",
      "has_honeycomb"
    ]
  ],
  "rewards": {
    "recipes": [
      "grid:crafting/orange_dye"
    ]
  }
}
