{
  "criteria": {
    "has_stone_materials": {
      "conditions": {
        "items": [
          {
            "items": "#minecraft:stone_materials"
          }
        ]
      },
      "trigger": "minecraft:inventory_changed"
    },
    "has_redstone": {
      "conditions": {
        "items": [
          {
            "items": "minecraft:redstone"
          }
        ]
      },
      "trigger": "minecraft:inventory_changed"
    },
    "has_planks": {
      "conditions": {
        "items": [
          {
            "items": "#minecraft:planks"
          }
        ]
      },
      "trigger": "minecraft:inventory_changed"
    },
    "has_copper_ingot": {
      "conditions": {
        "items": [
          {
            "items": "minecraft:copper_ingot"
          }
        ]
      },
      "trigger": "minecraft:inventory_changed"
    },
    "has_the_recipe": {
      "conditions": {
        "recipe": "grid:crafting/piston"
      },
      "trigger": "minecraft:recipe_unlocked"
    }
  },
  "requirements": [
    [
      "has_the_recipe",
      "has_stone_materials",
      "has_redstone",
      "has_planks",
      "has_copper_ingot"
    ]
  ],
  "rewards": {
    "recipes": [
      "grid:crafting/piston"
    ]
  }
}
