{
  "criteria": {
    "has_quartz_block": {
      "conditions": {
        "items": [
          {
            "items": "minecraft:quartz_block"
          }
        ]
      },
      "trigger": "minecraft:inventory_changed"
    },
    "has_the_recipe": {
      "conditions": {
        "recipe": "grid:crafting/quartz_stairs"
      },
      "trigger": "minecraft:recipe_unlocked"
    }
  },
  "requirements": [
    [
      "has_the_recipe",
      "has_quartz_block"
    ]
  ],
  "rewards": {
    "recipes": [
      "grid:crafting/quartz_stairs"
    ]
  }
}
