{
  "criteria": {
    "has_nether_wart": {
      "conditions": {
        "items": [
          {
            "items": "minecraft:nether_wart"
          }
        ]
      },
      "trigger": "minecraft:inventory_changed"
    },
    "has_the_recipe": {
      "conditions": {
        "recipe": "grid:crafting/red_dye_from_nether_wart_item"
      },
      "trigger": "minecraft:recipe_unlocked"
    }
  },
  "requirements": [
    [
      "has_the_recipe",
      "has_nether_wart"
    ]
  ],
  "rewards": {
    "recipes": [
      "grid:crafting/red_dye_from_nether_wart_item"
    ]
  }
}
