{
  "criteria": {
    "has_leather": {
      "conditions": {
        "items": [
          {
            "items": "minecraft:leather"
          }
        ]
      },
      "trigger": "minecraft:inventory_changed"
    },
    "has_tripwire_hook": {
      "conditions": {
        "items": [
          {
            "items": "minecraft:tripwire_hook"
          }
        ]
      },
      "trigger": "minecraft:inventory_changed"
    },
    "has_the_recipe": {
      "conditions": {
        "recipe": "grid:crafting/saddle"
      },
      "trigger": "minecraft:recipe_unlocked"
    }
  },
  "requirements": [
    [
      "has_the_recipe",
      "has_leather",
      "has_tripwire_hook"
    ]
  ],
  "rewards": {
    "recipes": [
      "grid:crafting/saddle"
    ]
  }
}
