{
  "criteria": {
    "has_planks": {
      "conditions": {
        "items": [
          {
            "items": "#minecraft:planks"
          }
        ]
      },
      "trigger": "minecraft:inventory_changed"
    },
    "has_copper_ingot": {
      "conditions": {
        "items": [
          {
            "items": "minecraft:copper_ingot"
          }
        ]
      },
      "trigger": "minecraft:inventory_changed"
    },
    "has_tool_handle_materials": {
      "conditions": {
        "items": [
          {
            "items": "#minecraft:tool_handle_materials"
          }
        ]
      },
      "trigger": "minecraft:inventory_changed"
    },
    "has_the_recipe": {
      "conditions": {
        "recipe": "grid:crafting/tripwire_hook"
      },
      "trigger": "minecraft:recipe_unlocked"
    }
  },
  "requirements": [
    [
      "has_the_recipe",
      "has_planks",
      "has_copper_ingot",
      "has_tool_handle_materials"
    ]
  ],
  "rewards": {
    "recipes": [
      "grid:crafting/tripwire_hook"
    ]
  }
}
