{
  "criteria": {
    "has_painting": {
      "conditions": {
        "items": [
          {
            "items": "minecraft:painting"
          }
        ]
      },
      "trigger": "minecraft:inventory_changed"
    },
    "has_black_dye": {
      "conditions": {
        "items": [
          {
            "items": "minecraft:black_dye"
          }
        ]
      },
      "trigger": "minecraft:inventory_changed"
    },
    "has_brown_dye": {
      "conditions": {
        "items": [
          {
            "items": "minecraft:brown_dye"
          }
        ]
      },
      "trigger": "minecraft:inventory_changed"
    },
    "has_white_dye": {
      "conditions": {
        "items": [
          {
            "items": "minecraft:white_dye"
          }
        ]
      },
      "trigger": "minecraft:inventory_changed"
    },
    "has_the_recipe": {
      "conditions": {
        "recipe": "grid:crafting/wanderer_painting"
      },
      "trigger": "minecraft:recipe_unlocked"
    }
  },
  "requirements": [
    [
      "has_the_recipe",
      "has_painting",
      "has_black_dye",
      "has_brown_dye",
      "has_white_dye"
    ]
  ],
  "rewards": {
    "recipes": [
      "grid:crafting/wanderer_painting"
    ]
  }
}
