{
  "criteria": {
    "has_sugar": {
      "conditions": {
        "items": [
          {
            "items": "minecraft:sugar"
          }
        ]
      },
      "trigger": "minecraft:inventory_changed"
    },
    "has_the_recipe": {
      "conditions": {
        "recipe": "grid:crafting/white_dye_from_sugar_item"
      },
      "trigger": "minecraft:recipe_unlocked"
    }
  },
  "requirements": [
    [
      "has_the_recipe",
      "has_sugar"
    ]
  ],
  "rewards": {
    "recipes": [
      "grid:crafting/white_dye_from_sugar_item"
    ]
  }
}
