{
  "criteria": {
    "has_blaze_powder": {
      "conditions": {
        "items": [
          {
            "items": "minecraft:blaze_powder"
          }
        ]
      },
      "trigger": "minecraft:inventory_changed"
    },
    "has_the_recipe": {
      "conditions": {
        "recipe": "grid:crafting/yellow_dye_from_blaze_powder_item"
      },
      "trigger": "minecraft:recipe_unlocked"
    }
  },
  "requirements": [
    [
      "has_the_recipe",
      "has_blaze_powder"
    ]
  ],
  "rewards": {
    "recipes": [
      "grid:crafting/yellow_dye_from_blaze_powder_item"
    ]
  }
}
