{
    "type": "minecraft:crafting_shaped",
    "pattern": [
      "MBM",
      "SES",
      "###"
    ],
    "key": {
      "#": {
        "item": "minecraft:wheat"
      },
      "E": {
        "item": "minecraft:egg"
      },
      "S": {
        "item": "minecraft:sugar"
      },
      "M": {
        "item": "minecraft:milk_bucket"
      },
      "B": {
        "item": "minecraft:sweet_berries"
      }
    },
    "result": {
      "item": "minecraft:cake",
      "count": 1
    }
  }
  