{
  "criteria": {
    "has_cherry_log": {
      "conditions": {
        "items": [
          {
            "items": "minecraft:cherry_log"
          }
        ]
      },
      "trigger": "minecraft:inventory_changed"
    },
    "has_stripped_cherry_log": {
      "conditions": {
        "items": [
          {
            "items": "minecraft:stripped_cherry_log"
          }
        ]
      },
      "trigger": "minecraft:inventory_changed"
    },
    "has_cherry_wood": {
      "conditions": {
        "items": [
          {
            "items": "minecraft:cherry_wood"
          }
        ]
      },
      "trigger": "minecraft:inventory_changed"
    },
    "has_stripped_cherry_wood": {
      "conditions": {
        "items": [
          {
            "items": "minecraft:stripped_cherry_wood"
          }
        ]
      },
      "trigger": "minecraft:inventory_changed"
    },
    "has_the_recipe": {
      "conditions": {
        "recipe": "grid:stonecutting/cherry_planks"
      },
      "trigger": "minecraft:recipe_unlocked"
    }
  },
  "requirements": [
    [
      "has_the_recipe",
      "has_cherry_log",
      "has_stripped_cherry_log",
      "has_cherry_wood",
      "has_stripped_cherry_wood"
    ]
  ],
  "rewards": {
    "recipes": [
      "grid:stonecutting/cherry_planks"
    ]
  }
}
