{
  "criteria": {
    "has_dark_oak_planks": {
      "conditions": {
        "items": [
          {
            "items": "minecraft:dark_oak_planks"
          }
        ]
      },
      "trigger": "minecraft:inventory_changed"
    },
    "has_the_recipe": {
      "conditions": {
        "recipe": "grid:stonecutting/dark_oak_slab"
      },
      "trigger": "minecraft:recipe_unlocked"
    }
  },
  "requirements": [
    [
      "has_the_recipe",
      "has_dark_oak_planks"
    ]
  ],
  "rewards": {
    "recipes": [
      "grid:stonecutting/dark_oak_slab"
    ]
  }
}
