{
  "criteria": {
    "has_mangrove_log": {
      "conditions": {
        "items": [
          {
            "items": "minecraft:mangrove_log"
          }
        ]
      },
      "trigger": "minecraft:inventory_changed"
    },
    "has_stripped_mangrove_log": {
      "conditions": {
        "items": [
          {
            "items": "minecraft:stripped_mangrove_log"
          }
        ]
      },
      "trigger": "minecraft:inventory_changed"
    },
    "has_mangrove_wood": {
      "conditions": {
        "items": [
          {
            "items": "minecraft:mangrove_wood"
          }
        ]
      },
      "trigger": "minecraft:inventory_changed"
    },
    "has_stripped_mangrove_wood": {
      "conditions": {
        "items": [
          {
            "items": "minecraft:stripped_mangrove_wood"
          }
        ]
      },
      "trigger": "minecraft:inventory_changed"
    },
    "has_the_recipe": {
      "conditions": {
        "recipe": "grid:stonecutting/mangrove_slab_from_logs"
      },
      "trigger": "minecraft:recipe_unlocked"
    }
  },
  "requirements": [
    [
      "has_the_recipe",
      "has_mangrove_log",
      "has_stripped_mangrove_log",
      "has_mangrove_wood",
      "has_stripped_mangrove_wood"
    ]
  ],
  "rewards": {
    "recipes": [
      "grid:stonecutting/mangrove_slab_from_logs"
    ]
  }
}
