{
  "criteria": {
    "has_oak_log": {
      "conditions": {
        "items": [
          {
            "items": "minecraft:oak_log"
          }
        ]
      },
      "trigger": "minecraft:inventory_changed"
    },
    "has_stripped_oak_log": {
      "conditions": {
        "items": [
          {
            "items": "minecraft:stripped_oak_log"
          }
        ]
      },
      "trigger": "minecraft:inventory_changed"
    },
    "has_oak_wood": {
      "conditions": {
        "items": [
          {
            "items": "minecraft:oak_wood"
          }
        ]
      },
      "trigger": "minecraft:inventory_changed"
    },
    "has_stripped_oak_wood": {
      "conditions": {
        "items": [
          {
            "items": "minecraft:stripped_oak_wood"
          }
        ]
      },
      "trigger": "minecraft:inventory_changed"
    },
    "has_the_recipe": {
      "conditions": {
        "recipe": "grid:stonecutting/oak_planks"
      },
      "trigger": "minecraft:recipe_unlocked"
    }
  },
  "requirements": [
    [
      "has_the_recipe",
      "has_oak_log",
      "has_stripped_oak_log",
      "has_oak_wood",
      "has_stripped_oak_wood"
    ]
  ],
  "rewards": {
    "recipes": [
      "grid:stonecutting/oak_planks"
    ]
  }
}
