{
  "criteria": {
    "has_cherry_log": {
      "conditions": {
        "items": [
          {
            "items": "minecraft:cherry_log"
          }
        ]
      },
      "trigger": "minecraft:inventory_changed"
    },
    "has_the_recipe": {
      "conditions": {
        "recipe": "grid:stonecutting/stripped_cherry_log"
      },
      "trigger": "minecraft:recipe_unlocked"
    }
  },
  "requirements": [
    [
      "has_the_recipe",
      "has_cherry_log"
    ]
  ],
  "rewards": {
    "recipes": [
      "grid:stonecutting/stripped_cherry_log"
    ]
  }
}
