{
  "criteria": {
    "has_crimson_stem": {
      "conditions": {
        "items": [
          {
            "items": "minecraft:crimson_stem"
          }
        ]
      },
      "trigger": "minecraft:inventory_changed"
    },
    "has_the_recipe": {
      "conditions": {
        "recipe": "grid:stonecutting/stripped_crimson_stem"
      },
      "trigger": "minecraft:recipe_unlocked"
    }
  },
  "requirements": [
    [
      "has_the_recipe",
      "has_crimson_stem"
    ]
  ],
  "rewards": {
    "recipes": [
      "grid:stonecutting/stripped_crimson_stem"
    ]
  }
}
